ID_hijos,ID_empleado,Nombre_Apellido,Fecha_nacimiento
1,34,Timoteo Donoso Izquierdo,2018-06-16
2,18,Darío Royo Feijoo,1994-11-29
3,38,Isaac Grande Soto,2015-10-22
4,10,Salomón del Huerta,2002-09-17
5,6,Fausto Raya Piña,2023-01-15
6,40,Clarisa Oliva Sandoval,1992-01-24
7,31,Maricela Montero Carreras,2009-11-28
8,39,Hipólito Barros-Cuervo,2013-11-02
9,12,Lucho Balaguer Barrio,2009-02-11
10,36,Amalia Andreu,2022-01-05
11,33,África Barco Molins,2014-06-10
12,28,Melchor Barceló-Nicolau,2009-12-23
13,23,Encarnita Jovita Valls Céspedes,1993-05-08
14,32,Carmelita Carretero Ferrera,2017-07-15
15,5,Faustino Briones Ponce,1998-11-17
16,29,Loreto Rivas Quero,1999-08-12
17,30,Manola Franch Jáuregui,1995-02-27
18,28,Eustaquio Cid Puig,2007-10-08
19,6,Rómulo Valderrama Cerezo,2007-10-05
20,31,Ángela Tejedor Borrell,1995-12-03
21,6,Amador Salgado Carpio,1993-09-27
22,15,Reyna Echeverría Vilalta,2013-07-31
23,5,Carmelita Gallardo Fuente,1999-12-10
24,3,Moisés Carranza,2003-01-19
25,10,Eloy del Arnau,2012-12-04
26,20,Coral Leiva Lillo,2021-07-14
27,26,José Mari Zapata Gimeno,1998-01-23
28,7,Leonardo Agustín Hernando,2012-08-29
29,28,Gloria Andrés Franco,1998-05-19
30,13,Silvestre Paniagua-Laguna,2018-11-30
